{
    "intercept": 1566496.6898566405,
    "coefficients": [
        -77257.23258769042,
        -0.9059608381737438
    ],
    "features": [
        "age",
        "km_driven"
    ]
}